{
    "true_positives": {
        "avg": -1,
        "stdev": -1,
        "cv": -1
    },
    "false_positives": {
        "avg": -1,
        "stdev": -1,
        "cv": -1
    },
    "prediction_rates": {
        "correct": 10.451569954510152,
        "100%+": 10.953622545212472,
        "90%+": 11.971596582713858,
        "60%+": 16.9560634638855
    },
    "prediction_values": {
        "correct": 3768,
        "100%+": 3949,
        "90%+": 4316,
        "60%+": 6113
    },
    "test_size": 36052,
    "fingerprint_similarity": 0.3066750483916918,
    "SELFIES_similarity": 0.40317937174834667
}